Id,ItemType,StartDate,Duration,MinimumPrice,AvgPrice,MinBid
1,phone,0,10,10,700,20
2,phone,0,10,10,700,20
3,phone,0,10,10,700,20
4,phone,0,10,10,700,20
5,phone,0,10,10,700,20
6,phone,0,10,10,700,20
7,phone,0,10,10,700,20
8,phone,0,10,10,700,20
9,phone,0,10,10,700,20
10,phone,0,10,10,700,20
11,phone,0,10,10,700,20
12,phone,0,10,10,700,20
13,phone,0,10,10,700,20
14,phone,0,10,10,700,20
15,phone,0,10,10,700,20
16,phone,0,10,10,700,20
17,phone,0,10,10,700,20
18,phone,0,10,10,700,20
19,phone,0,10,10,700,20
20,phone,0,10,10,700,20
21,phone,0,10,10,700,20
22,phone,0,10,10,700,20
23,phone,0,10,10,700,20
24,phone,0,10,10,700,20
25,phone,0,10,10,700,20
26,phone,0,10,10,700,20
27,phone,0,10,10,700,20
28,phone,0,10,10,700,20
29,phone,0,10,10,700,20
30,phone,0,10,10,700,20
31,phone,0,10,10,700,20
32,phone,0,10,10,700,20
33,phone,0,10,10,700,20
34,phone,0,10,10,700,20
35,phone,0,10,10,700,20
36,phone,0,10,10,700,20
37,phone,0,10,10,700,20
38,phone,0,10,10,700,20
39,phone,0,10,10,700,20
40,phone,0,10,10,700,20
41,phone,0,10,10,700,20
42,phone,0,10,10,700,20
43,phone,0,10,10,700,20
44,phone,0,10,10,700,20
45,phone,0,10,10,700,20
46,phone,0,10,10,700,20
47,phone,0,10,10,700,20
48,phone,0,10,10,700,20
49,phone,0,10,10,700,20
50,phone,0,10,10,700,20
51,phone,0,10,10,700,20
52,phone,0,10,10,700,20
53,phone,0,10,10,700,20
54,phone,0,10,10,700,20
55,phone,0,10,10,700,20
56,phone,0,10,10,700,20
57,phone,0,10,10,700,20
58,phone,0,10,10,700,20
59,phone,0,10,10,700,20
60,phone,0,10,10,700,20
61,phone,0,10,10,700,20
62,phone,0,10,10,700,20
63,phone,0,10,10,700,20
64,phone,0,10,10,700,20
65,phone,0,10,10,700,20
66,phone,0,10,10,700,20
67,phone,0,10,10,700,20
68,phone,0,10,10,700,20
69,phone,0,10,10,700,20
70,phone,0,10,10,700,20
71,phone,0,10,10,700,20
72,phone,0,10,10,700,20
73,phone,0,10,10,700,20
74,phone,0,10,10,700,20
75,phone,0,10,10,700,20
76,phone,0,10,10,700,20
77,phone,0,10,10,700,20
78,phone,0,10,10,700,20
79,phone,0,10,10,700,20
80,phone,0,10,10,700,20
81,phone,0,10,10,700,20
82,phone,0,10,10,700,20
83,phone,0,10,10,700,20
84,phone,0,10,10,700,20
85,phone,0,10,10,700,20
86,phone,0,10,10,700,20
87,phone,0,10,10,700,20
88,phone,0,10,10,700,20
89,phone,0,10,10,700,20
90,phone,0,10,10,700,20
91,phone,0,10,10,700,20
92,phone,0,10,10,700,20
93,phone,0,10,10,700,20
94,phone,0,10,10,700,20
95,phone,0,10,10,700,20
96,phone,0,10,10,700,20
97,phone,0,10,10,700,20
98,phone,0,10,10,700,20
99,phone,0,10,10,700,20
100,phone,0,10,10,700,20
101,phone,0,10,10,700,20
102,phone,0,10,10,700,20
103,phone,0,10,10,700,20
104,phone,0,10,10,700,20
105,phone,0,10,10,700,20
106,phone,0,10,10,700,20
107,phone,0,10,10,700,20
108,phone,0,10,10,700,20
109,phone,0,10,10,700,20
110,phone,0,10,10,700,20
111,phone,0,10,10,700,20
112,phone,0,10,10,700,20
113,phone,0,10,10,700,20
114,phone,0,10,10,700,20
115,phone,0,10,10,700,20
116,phone,0,10,10,700,20
117,phone,0,10,10,700,20
118,phone,0,10,10,700,20
119,phone,0,10,10,700,20
120,phone,0,10,10,700,20
121,phone,0,10,10,700,20
122,phone,0,10,10,700,20
123,phone,0,10,10,700,20
124,phone,0,10,10,700,20
125,phone,0,10,10,700,20
126,phone,0,10,10,700,20
127,phone,0,10,10,700,20
128,phone,0,10,10,700,20
129,phone,0,10,10,700,20
130,phone,0,10,10,700,20
131,phone,0,10,10,700,20
132,phone,0,10,10,700,20
133,phone,0,10,10,700,20
134,phone,0,10,10,700,20
135,phone,0,10,10,700,20
136,phone,0,10,10,700,20
137,phone,0,10,10,700,20
138,phone,0,10,10,700,20
139,phone,0,10,10,700,20
140,phone,0,10,10,700,20
141,phone,0,10,10,700,20
142,phone,0,10,10,700,20
143,phone,0,10,10,700,20
144,phone,0,10,10,700,20
145,phone,0,10,10,700,20
146,phone,0,10,10,700,20
147,phone,0,10,10,700,20
148,phone,0,10,10,700,20
149,phone,0,10,10,700,20
150,phone,0,10,10,700,20
151,phone,0,10,10,700,20
152,phone,0,10,10,700,20
153,phone,0,10,10,700,20
154,phone,0,10,10,700,20
155,phone,0,10,10,700,20
156,phone,0,10,10,700,20
157,phone,0,10,10,700,20
158,phone,0,10,10,700,20
159,phone,0,10,10,700,20
160,phone,0,10,10,700,20
161,phone,0,10,10,700,20
162,phone,0,10,10,700,20
163,phone,0,10,10,700,20
164,phone,0,10,10,700,20
165,phone,0,10,10,700,20
166,phone,0,10,10,700,20
167,phone,0,10,10,700,20
168,phone,0,10,10,700,20
169,phone,0,10,10,700,20
170,phone,0,10,10,700,20
171,phone,0,10,10,700,20
172,phone,0,10,10,700,20
173,phone,0,10,10,700,20
174,phone,0,10,10,700,20
175,phone,0,10,10,700,20
176,phone,0,10,10,700,20
177,phone,0,10,10,700,20
178,phone,0,10,10,700,20
179,phone,0,10,10,700,20
180,phone,0,10,10,700,20
181,phone,0,10,10,700,20
182,phone,0,10,10,700,20
183,phone,0,10,10,700,20
184,phone,0,10,10,700,20
185,phone,0,10,10,700,20
186,phone,0,10,10,700,20
187,phone,0,10,10,700,20
188,phone,0,10,10,700,20
189,phone,0,10,10,700,20
190,phone,0,10,10,700,20
191,phone,0,10,10,700,20
192,phone,0,10,10,700,20
193,phone,0,10,10,700,20
194,phone,0,10,10,700,20
195,phone,0,10,10,700,20
196,phone,0,10,10,700,20
197,phone,0,10,10,700,20
198,phone,0,10,10,700,20
199,phone,0,10,10,700,20
200,phone,0,10,10,700,20
201,phone,0,10,10,700,20
202,phone,0,10,10,700,20
203,phone,0,10,10,700,20
204,phone,0,10,10,700,20
205,phone,0,10,10,700,20
206,phone,0,10,10,700,20
207,phone,0,10,10,700,20
208,phone,0,10,10,700,20
209,phone,0,10,10,700,20
210,phone,0,10,10,700,20
211,phone,0,10,10,700,20
212,phone,0,10,10,700,20
213,phone,0,10,10,700,20
214,phone,0,10,10,700,20
215,phone,0,10,10,700,20
216,phone,0,10,10,700,20
217,phone,0,10,10,700,20
218,phone,0,10,10,700,20
219,phone,0,10,10,700,20
220,phone,0,10,10,700,20
221,phone,0,10,10,700,20
222,phone,0,10,10,700,20
223,phone,0,10,10,700,20
224,phone,0,10,10,700,20
225,phone,0,10,10,700,20
226,phone,0,10,10,700,20
227,phone,0,10,10,700,20
228,phone,0,10,10,700,20
229,phone,0,10,10,700,20
230,phone,0,10,10,700,20
231,phone,0,10,10,700,20
232,phone,0,10,10,700,20
233,phone,0,10,10,700,20
234,phone,0,10,10,700,20
235,phone,0,10,10,700,20
236,phone,0,10,10,700,20
237,phone,0,10,10,700,20
238,phone,0,10,10,700,20
239,phone,0,10,10,700,20
240,phone,0,10,10,700,20
241,phone,0,10,10,700,20
242,phone,0,10,10,700,20
243,phone,0,10,10,700,20
244,phone,0,10,10,700,20
245,phone,0,10,10,700,20
246,phone,0,10,10,700,20
247,phone,0,10,10,700,20
248,phone,0,10,10,700,20
249,phone,0,10,10,700,20
250,phone,0,10,10,700,20
251,phone,0,10,10,700,20
252,phone,0,10,10,700,20
253,phone,0,10,10,700,20
254,phone,0,10,10,700,20
255,phone,0,10,10,700,20
256,phone,0,10,10,700,20
257,phone,0,10,10,700,20
258,phone,0,10,10,700,20
259,phone,0,10,10,700,20
260,phone,0,10,10,700,20
261,phone,0,10,10,700,20
262,phone,0,10,10,700,20
263,phone,0,10,10,700,20
264,phone,0,10,10,700,20
265,phone,0,10,10,700,20
266,phone,0,10,10,700,20
267,phone,0,10,10,700,20
268,phone,0,10,10,700,20
269,phone,0,10,10,700,20
270,phone,0,10,10,700,20
271,phone,0,10,10,700,20
272,phone,0,10,10,700,20
273,phone,0,10,10,700,20
274,phone,0,10,10,700,20
275,phone,0,10,10,700,20
276,phone,0,10,10,700,20
277,phone,0,10,10,700,20
278,phone,0,10,10,700,20
279,phone,0,10,10,700,20
280,phone,0,10,10,700,20
281,phone,0,10,10,700,20
282,phone,0,10,10,700,20
283,phone,0,10,10,700,20
284,phone,0,10,10,700,20
285,phone,0,10,10,700,20
286,phone,0,10,10,700,20
287,phone,0,10,10,700,20
288,phone,0,10,10,700,20
289,phone,0,10,10,700,20
290,phone,0,10,10,700,20
291,phone,0,10,10,700,20
292,phone,0,10,10,700,20
293,phone,0,10,10,700,20
294,phone,0,10,10,700,20
295,phone,0,10,10,700,20
296,phone,0,10,10,700,20
297,phone,0,10,10,700,20
298,phone,0,10,10,700,20
299,phone,0,10,10,700,20
300,phone,0,10,10,700,20
301,phone,0,10,10,700,20
302,phone,0,10,10,700,20
303,phone,0,10,10,700,20
304,phone,0,10,10,700,20
305,phone,0,10,10,700,20
306,phone,0,10,10,700,20
307,phone,0,10,10,700,20
308,phone,0,10,10,700,20
309,phone,0,10,10,700,20
310,phone,0,10,10,700,20
311,phone,0,10,10,700,20
312,phone,0,10,10,700,20
313,phone,0,10,10,700,20
314,phone,0,10,10,700,20
315,phone,0,10,10,700,20
316,phone,0,10,10,700,20
317,phone,0,10,10,700,20
318,phone,0,10,10,700,20
319,phone,0,10,10,700,20
320,phone,0,10,10,700,20
321,phone,0,10,10,700,20
322,phone,0,10,10,700,20
323,phone,0,10,10,700,20
324,phone,0,10,10,700,20
325,phone,0,10,10,700,20
326,phone,0,10,10,700,20
327,phone,0,10,10,700,20
328,phone,0,10,10,700,20
329,phone,0,10,10,700,20
330,phone,0,10,10,700,20
331,phone,0,10,10,700,20
332,phone,0,10,10,700,20
333,phone,0,10,10,700,20
334,phone,0,10,10,700,20
335,phone,0,10,10,700,20
336,phone,0,10,10,700,20
337,phone,0,10,10,700,20
338,phone,0,10,10,700,20
339,phone,0,10,10,700,20
340,phone,0,10,10,700,20
341,phone,0,10,10,700,20
342,phone,0,10,10,700,20
343,phone,0,10,10,700,20
344,phone,0,10,10,700,20
345,phone,0,10,10,700,20
346,phone,0,10,10,700,20
347,phone,0,10,10,700,20
348,phone,0,10,10,700,20
349,phone,0,10,10,700,20
350,phone,0,10,10,700,20
351,phone,0,10,10,700,20
352,phone,0,10,10,700,20
353,phone,0,10,10,700,20
354,phone,0,10,10,700,20
355,phone,0,10,10,700,20
356,phone,0,10,10,700,20
357,phone,0,10,10,700,20
358,phone,0,10,10,700,20
359,phone,0,10,10,700,20
360,phone,0,10,10,700,20
361,phone,0,10,10,700,20
362,phone,0,10,10,700,20
363,phone,0,10,10,700,20
364,phone,0,10,10,700,20
365,phone,0,10,10,700,20
366,phone,0,10,10,700,20
367,phone,0,10,10,700,20
368,phone,0,10,10,700,20
369,phone,0,10,10,700,20
370,phone,0,10,10,700,20
371,phone,0,10,10,700,20
372,phone,0,10,10,700,20
373,phone,0,10,10,700,20
374,phone,0,10,10,700,20
375,phone,0,10,10,700,20
376,phone,0,10,10,700,20
377,phone,0,10,10,700,20
378,phone,0,10,10,700,20
379,phone,0,10,10,700,20
380,phone,0,10,10,700,20
381,phone,0,10,10,700,20
382,phone,0,10,10,700,20
383,phone,0,10,10,700,20
384,phone,0,10,10,700,20
385,phone,0,10,10,700,20
386,phone,0,10,10,700,20
387,phone,0,10,10,700,20
388,phone,0,10,10,700,20
389,phone,0,10,10,700,20
390,phone,0,10,10,700,20
391,phone,0,10,10,700,20
392,phone,0,10,10,700,20
393,phone,0,10,10,700,20
394,phone,0,10,10,700,20
395,phone,0,10,10,700,20
396,phone,0,10,10,700,20
397,phone,0,10,10,700,20
398,phone,0,10,10,700,20
399,phone,0,10,10,700,20
400,phone,0,10,10,700,20
401,phone,0,10,10,700,20
402,phone,0,10,10,700,20
403,phone,0,10,10,700,20
404,phone,0,10,10,700,20
405,phone,0,10,10,700,20
406,phone,0,10,10,700,20
407,phone,0,10,10,700,20
408,phone,0,10,10,700,20
409,phone,0,10,10,700,20
410,phone,0,10,10,700,20
411,phone,0,10,10,700,20
412,phone,0,10,10,700,20
413,phone,0,10,10,700,20
414,phone,0,10,10,700,20
415,phone,0,10,10,700,20
416,phone,0,10,10,700,20
417,phone,0,10,10,700,20
418,phone,0,10,10,700,20
419,phone,0,10,10,700,20
420,phone,0,10,10,700,20
421,phone,0,10,10,700,20
422,phone,0,10,10,700,20
423,phone,0,10,10,700,20
424,phone,0,10,10,700,20
425,phone,0,10,10,700,20
426,phone,0,10,10,700,20
427,phone,0,10,10,700,20
428,phone,0,10,10,700,20
429,phone,0,10,10,700,20
430,phone,0,10,10,700,20
431,phone,0,10,10,700,20
432,phone,0,10,10,700,20
433,phone,0,10,10,700,20
434,phone,0,10,10,700,20
435,phone,0,10,10,700,20
436,phone,0,10,10,700,20
437,phone,0,10,10,700,20
438,phone,0,10,10,700,20
439,phone,0,10,10,700,20
440,phone,0,10,10,700,20
441,phone,0,10,10,700,20
442,phone,0,10,10,700,20
443,phone,0,10,10,700,20
444,phone,0,10,10,700,20
445,phone,0,10,10,700,20
446,phone,0,10,10,700,20
447,phone,0,10,10,700,20
448,phone,0,10,10,700,20
449,phone,0,10,10,700,20
450,phone,0,10,10,700,20
451,phone,0,10,10,700,20
452,phone,0,10,10,700,20
453,phone,0,10,10,700,20
454,phone,0,10,10,700,20
455,phone,0,10,10,700,20
456,phone,0,10,10,700,20
457,phone,0,10,10,700,20
458,phone,0,10,10,700,20
459,phone,0,10,10,700,20
460,phone,0,10,10,700,20
461,phone,0,10,10,700,20
462,phone,0,10,10,700,20
463,phone,0,10,10,700,20
464,phone,0,10,10,700,20
465,phone,0,10,10,700,20
466,phone,0,10,10,700,20
467,phone,0,10,10,700,20
468,phone,0,10,10,700,20
469,phone,0,10,10,700,20
470,phone,0,10,10,700,20
471,phone,0,10,10,700,20
472,phone,0,10,10,700,20
473,phone,0,10,10,700,20
474,phone,0,10,10,700,20
475,phone,0,10,10,700,20
476,phone,0,10,10,700,20
477,phone,0,10,10,700,20
478,phone,0,10,10,700,20
479,phone,0,10,10,700,20
480,phone,0,10,10,700,20
481,phone,0,10,10,700,20
482,phone,0,10,10,700,20
483,phone,0,10,10,700,20
484,phone,0,10,10,700,20
485,phone,0,10,10,700,20
486,phone,0,10,10,700,20
487,phone,0,10,10,700,20
488,phone,0,10,10,700,20
489,phone,0,10,10,700,20
490,phone,0,10,10,700,20
491,phone,0,10,10,700,20
492,phone,0,10,10,700,20
493,phone,0,10,10,700,20
494,phone,0,10,10,700,20
495,phone,0,10,10,700,20
496,phone,0,10,10,700,20
497,phone,0,10,10,700,20
498,phone,0,10,10,700,20
499,phone,0,10,10,700,20
500,phone,0,10,10,700,20
501,phone,0,10,10,700,20
502,phone,0,10,10,700,20
503,phone,0,10,10,700,20
504,phone,0,10,10,700,20
505,phone,0,10,10,700,20
506,phone,0,10,10,700,20
507,phone,0,10,10,700,20
508,phone,0,10,10,700,20
509,phone,0,10,10,700,20
510,phone,0,10,10,700,20
511,phone,0,10,10,700,20
512,phone,0,10,10,700,20
513,phone,0,10,10,700,20
514,phone,0,10,10,700,20
515,phone,0,10,10,700,20
516,phone,0,10,10,700,20
517,phone,0,10,10,700,20
518,phone,0,10,10,700,20
519,phone,0,10,10,700,20
520,phone,0,10,10,700,20
521,phone,0,10,10,700,20
522,phone,0,10,10,700,20
523,phone,0,10,10,700,20
524,phone,0,10,10,700,20
525,phone,0,10,10,700,20
526,phone,0,10,10,700,20
527,phone,0,10,10,700,20
528,phone,0,10,10,700,20
529,phone,0,10,10,700,20
530,phone,0,10,10,700,20
531,phone,0,10,10,700,20
532,phone,0,10,10,700,20
533,phone,0,10,10,700,20
534,phone,0,10,10,700,20
535,phone,0,10,10,700,20
536,phone,0,10,10,700,20
537,phone,0,10,10,700,20
538,phone,0,10,10,700,20
539,phone,0,10,10,700,20
540,phone,0,10,10,700,20
541,phone,0,10,10,700,20
542,phone,0,10,10,700,20
543,phone,0,10,10,700,20
544,phone,0,10,10,700,20
545,phone,0,10,10,700,20
546,phone,0,10,10,700,20
547,phone,0,10,10,700,20
548,phone,0,10,10,700,20
549,phone,0,10,10,700,20
550,phone,0,10,10,700,20
551,phone,0,10,10,700,20
552,phone,0,10,10,700,20
553,phone,0,10,10,700,20
554,phone,0,10,10,700,20
555,phone,0,10,10,700,20
556,phone,0,10,10,700,20
557,phone,0,10,10,700,20
558,phone,0,10,10,700,20
559,phone,0,10,10,700,20
560,phone,0,10,10,700,20
561,phone,0,10,10,700,20
562,phone,0,10,10,700,20
563,phone,0,10,10,700,20
564,phone,0,10,10,700,20
565,phone,0,10,10,700,20
566,phone,0,10,10,700,20
567,phone,0,10,10,700,20
568,phone,0,10,10,700,20
569,phone,0,10,10,700,20
570,phone,0,10,10,700,20
571,phone,0,10,10,700,20
572,phone,0,10,10,700,20
573,phone,0,10,10,700,20
574,phone,0,10,10,700,20
575,phone,0,10,10,700,20
576,phone,0,10,10,700,20
577,phone,0,10,10,700,20
578,phone,0,10,10,700,20
579,phone,0,10,10,700,20
580,phone,0,10,10,700,20
581,phone,0,10,10,700,20
582,phone,0,10,10,700,20
583,phone,0,10,10,700,20
584,phone,0,10,10,700,20
585,phone,0,10,10,700,20
586,phone,0,10,10,700,20
587,phone,0,10,10,700,20
588,phone,0,10,10,700,20
589,phone,0,10,10,700,20
590,phone,0,10,10,700,20
591,phone,0,10,10,700,20
592,phone,0,10,10,700,20
593,phone,0,10,10,700,20
594,phone,0,10,10,700,20
595,phone,0,10,10,700,20
596,phone,0,10,10,700,20
597,phone,0,10,10,700,20
598,phone,0,10,10,700,20
599,phone,0,10,10,700,20
600,phone,0,10,10,700,20
601,phone,0,10,10,700,20
602,phone,0,10,10,700,20
603,phone,0,10,10,700,20
604,phone,0,10,10,700,20
605,phone,0,10,10,700,20
606,phone,0,10,10,700,20
607,phone,0,10,10,700,20
608,phone,0,10,10,700,20
609,phone,0,10,10,700,20
610,phone,0,10,10,700,20
611,phone,0,10,10,700,20
612,phone,0,10,10,700,20
613,phone,0,10,10,700,20
614,phone,0,10,10,700,20
615,phone,0,10,10,700,20
616,phone,0,10,10,700,20
617,phone,0,10,10,700,20
618,phone,0,10,10,700,20
619,phone,0,10,10,700,20
620,phone,0,10,10,700,20
621,phone,0,10,10,700,20
622,phone,0,10,10,700,20
623,phone,0,10,10,700,20
624,phone,0,10,10,700,20
625,phone,0,10,10,700,20
626,phone,0,10,10,700,20
627,phone,0,10,10,700,20
628,phone,0,10,10,700,20
629,phone,0,10,10,700,20
630,phone,0,10,10,700,20
631,phone,0,10,10,700,20
632,phone,0,10,10,700,20
633,phone,0,10,10,700,20
634,phone,0,10,10,700,20
635,phone,0,10,10,700,20
636,phone,0,10,10,700,20
637,phone,0,10,10,700,20
638,phone,0,10,10,700,20
639,phone,0,10,10,700,20
640,phone,0,10,10,700,20
641,phone,0,10,10,700,20
642,phone,0,10,10,700,20
643,phone,0,10,10,700,20
644,phone,0,10,10,700,20
645,phone,0,10,10,700,20
646,phone,0,10,10,700,20
647,phone,0,10,10,700,20
648,phone,0,10,10,700,20
649,phone,0,10,10,700,20
650,phone,0,10,10,700,20
651,phone,0,10,10,700,20
652,phone,0,10,10,700,20
653,phone,0,10,10,700,20
654,phone,0,10,10,700,20
655,phone,0,10,10,700,20
656,phone,0,10,10,700,20
657,phone,0,10,10,700,20
658,phone,0,10,10,700,20
659,phone,0,10,10,700,20
660,phone,0,10,10,700,20
661,phone,0,10,10,700,20
662,phone,0,10,10,700,20
663,phone,0,10,10,700,20
664,phone,0,10,10,700,20
665,phone,0,10,10,700,20
666,phone,0,10,10,700,20
667,phone,0,10,10,700,20
668,phone,0,10,10,700,20
669,phone,0,10,10,700,20
670,phone,0,10,10,700,20
671,phone,0,10,10,700,20
672,phone,0,10,10,700,20
673,phone,0,10,10,700,20
674,phone,0,10,10,700,20
675,phone,0,10,10,700,20
676,phone,0,10,10,700,20
677,phone,0,10,10,700,20
678,phone,0,10,10,700,20
679,phone,0,10,10,700,20
680,phone,0,10,10,700,20
681,phone,0,10,10,700,20
682,phone,0,10,10,700,20
683,phone,0,10,10,700,20
684,phone,0,10,10,700,20
685,phone,0,10,10,700,20
686,phone,0,10,10,700,20
687,phone,0,10,10,700,20
688,phone,0,10,10,700,20
689,phone,0,10,10,700,20
690,phone,0,10,10,700,20
691,phone,0,10,10,700,20
692,phone,0,10,10,700,20
693,phone,0,10,10,700,20
694,phone,0,10,10,700,20
695,phone,0,10,10,700,20
696,phone,0,10,10,700,20
697,phone,0,10,10,700,20
698,phone,0,10,10,700,20
699,phone,0,10,10,700,20
700,phone,0,10,10,700,20
701,phone,0,10,10,700,20
702,phone,0,10,10,700,20
703,phone,0,10,10,700,20
704,phone,0,10,10,700,20
705,phone,0,10,10,700,20
706,phone,0,10,10,700,20
707,phone,0,10,10,700,20
708,phone,0,10,10,700,20
709,phone,0,10,10,700,20
710,phone,0,10,10,700,20
711,phone,0,10,10,700,20
712,phone,0,10,10,700,20
713,phone,0,10,10,700,20
714,phone,0,10,10,700,20
715,phone,0,10,10,700,20
716,phone,0,10,10,700,20
717,phone,0,10,10,700,20
718,phone,0,10,10,700,20
719,phone,0,10,10,700,20
720,phone,0,10,10,700,20
721,phone,0,10,10,700,20
722,phone,0,10,10,700,20
723,phone,0,10,10,700,20
724,phone,0,10,10,700,20
725,phone,0,10,10,700,20
726,phone,0,10,10,700,20
727,phone,0,10,10,700,20
728,phone,0,10,10,700,20
729,phone,0,10,10,700,20
730,phone,0,10,10,700,20
731,phone,0,10,10,700,20
732,phone,0,10,10,700,20
733,phone,0,10,10,700,20
734,phone,0,10,10,700,20
735,phone,0,10,10,700,20
736,phone,0,10,10,700,20
737,phone,0,10,10,700,20
738,phone,0,10,10,700,20
739,phone,0,10,10,700,20
740,phone,0,10,10,700,20
741,phone,0,10,10,700,20
742,phone,0,10,10,700,20
743,phone,0,10,10,700,20
744,phone,0,10,10,700,20
745,phone,0,10,10,700,20
746,phone,0,10,10,700,20
747,phone,0,10,10,700,20
748,phone,0,10,10,700,20
749,phone,0,10,10,700,20
750,phone,0,10,10,700,20
751,phone,0,10,10,700,20
752,phone,0,10,10,700,20
753,phone,0,10,10,700,20
754,phone,0,10,10,700,20
755,phone,0,10,10,700,20
756,phone,0,10,10,700,20
757,phone,0,10,10,700,20
758,phone,0,10,10,700,20
759,phone,0,10,10,700,20
760,phone,0,10,10,700,20
761,phone,0,10,10,700,20
762,phone,0,10,10,700,20
763,phone,0,10,10,700,20
764,phone,0,10,10,700,20
765,phone,0,10,10,700,20
766,phone,0,10,10,700,20
767,phone,0,10,10,700,20
768,phone,0,10,10,700,20
769,phone,0,10,10,700,20
770,phone,0,10,10,700,20
771,phone,0,10,10,700,20
772,phone,0,10,10,700,20
773,phone,0,10,10,700,20
774,phone,0,10,10,700,20
775,phone,0,10,10,700,20
776,phone,0,10,10,700,20
777,phone,0,10,10,700,20
778,phone,0,10,10,700,20
779,phone,0,10,10,700,20
780,phone,0,10,10,700,20
781,phone,0,10,10,700,20
782,phone,0,10,10,700,20
783,phone,0,10,10,700,20
784,phone,0,10,10,700,20
785,phone,0,10,10,700,20
786,phone,0,10,10,700,20
787,phone,0,10,10,700,20
788,phone,0,10,10,700,20
789,phone,0,10,10,700,20
790,phone,0,10,10,700,20
791,phone,0,10,10,700,20
792,phone,0,10,10,700,20
793,phone,0,10,10,700,20
794,phone,0,10,10,700,20
795,phone,0,10,10,700,20
796,phone,0,10,10,700,20
797,phone,0,10,10,700,20
798,phone,0,10,10,700,20
799,phone,0,10,10,700,20
800,phone,0,10,10,700,20
801,phone,0,10,10,700,20
802,phone,0,10,10,700,20
803,phone,0,10,10,700,20
804,phone,0,10,10,700,20
805,phone,0,10,10,700,20
806,phone,0,10,10,700,20
807,phone,0,10,10,700,20
808,phone,0,10,10,700,20
809,phone,0,10,10,700,20
810,phone,0,10,10,700,20
811,phone,0,10,10,700,20
812,phone,0,10,10,700,20
813,phone,0,10,10,700,20
814,phone,0,10,10,700,20
815,phone,0,10,10,700,20
816,phone,0,10,10,700,20
817,phone,0,10,10,700,20
818,phone,0,10,10,700,20
819,phone,0,10,10,700,20
820,phone,0,10,10,700,20
821,phone,0,10,10,700,20
822,phone,0,10,10,700,20
823,phone,0,10,10,700,20
824,phone,0,10,10,700,20
825,phone,0,10,10,700,20
826,phone,0,10,10,700,20
827,phone,0,10,10,700,20
828,phone,0,10,10,700,20
829,phone,0,10,10,700,20
830,phone,0,10,10,700,20
831,phone,0,10,10,700,20
832,phone,0,10,10,700,20
833,phone,0,10,10,700,20
834,phone,0,10,10,700,20
835,phone,0,10,10,700,20
836,phone,0,10,10,700,20
837,phone,0,10,10,700,20
838,phone,0,10,10,700,20
839,phone,0,10,10,700,20
840,phone,0,10,10,700,20
841,phone,0,10,10,700,20
842,phone,0,10,10,700,20
843,phone,0,10,10,700,20
844,phone,0,10,10,700,20
845,phone,0,10,10,700,20
846,phone,0,10,10,700,20
847,phone,0,10,10,700,20
848,phone,0,10,10,700,20
849,phone,0,10,10,700,20
850,phone,0,10,10,700,20
851,phone,0,10,10,700,20
852,phone,0,10,10,700,20
853,phone,0,10,10,700,20
854,phone,0,10,10,700,20
855,phone,0,10,10,700,20
856,phone,0,10,10,700,20
857,phone,0,10,10,700,20
858,phone,0,10,10,700,20
859,phone,0,10,10,700,20
860,phone,0,10,10,700,20
861,phone,0,10,10,700,20
862,phone,0,10,10,700,20
863,phone,0,10,10,700,20
864,phone,0,10,10,700,20
865,phone,0,10,10,700,20
866,phone,0,10,10,700,20
867,phone,0,10,10,700,20
868,phone,0,10,10,700,20
869,phone,0,10,10,700,20
870,phone,0,10,10,700,20
871,phone,0,10,10,700,20
872,phone,0,10,10,700,20
873,phone,0,10,10,700,20
874,phone,0,10,10,700,20
875,phone,0,10,10,700,20
876,phone,0,10,10,700,20
877,phone,0,10,10,700,20
878,phone,0,10,10,700,20
879,phone,0,10,10,700,20
880,phone,0,10,10,700,20
881,phone,0,10,10,700,20
882,phone,0,10,10,700,20
883,phone,0,10,10,700,20
884,phone,0,10,10,700,20
885,phone,0,10,10,700,20
886,phone,0,10,10,700,20
887,phone,0,10,10,700,20
888,phone,0,10,10,700,20
889,phone,0,10,10,700,20
890,phone,0,10,10,700,20
891,phone,0,10,10,700,20
892,phone,0,10,10,700,20
893,phone,0,10,10,700,20
894,phone,0,10,10,700,20
895,phone,0,10,10,700,20
896,phone,0,10,10,700,20
897,phone,0,10,10,700,20
898,phone,0,10,10,700,20
899,phone,0,10,10,700,20
900,phone,0,10,10,700,20
901,phone,0,10,10,700,20
902,phone,0,10,10,700,20
903,phone,0,10,10,700,20
904,phone,0,10,10,700,20
905,phone,0,10,10,700,20
906,phone,0,10,10,700,20
907,phone,0,10,10,700,20
908,phone,0,10,10,700,20
909,phone,0,10,10,700,20
910,phone,0,10,10,700,20
911,phone,0,10,10,700,20
912,phone,0,10,10,700,20
913,phone,0,10,10,700,20
914,phone,0,10,10,700,20
915,phone,0,10,10,700,20
916,phone,0,10,10,700,20
917,phone,0,10,10,700,20
918,phone,0,10,10,700,20
919,phone,0,10,10,700,20
920,phone,0,10,10,700,20
921,phone,0,10,10,700,20
922,phone,0,10,10,700,20
923,phone,0,10,10,700,20
924,phone,0,10,10,700,20
925,phone,0,10,10,700,20
926,phone,0,10,10,700,20
927,phone,0,10,10,700,20
928,phone,0,10,10,700,20
929,phone,0,10,10,700,20
930,phone,0,10,10,700,20
931,phone,0,10,10,700,20
932,phone,0,10,10,700,20
933,phone,0,10,10,700,20
934,phone,0,10,10,700,20
935,phone,0,10,10,700,20
936,phone,0,10,10,700,20
937,phone,0,10,10,700,20
938,phone,0,10,10,700,20
939,phone,0,10,10,700,20
940,phone,0,10,10,700,20
941,phone,0,10,10,700,20
942,phone,0,10,10,700,20
943,phone,0,10,10,700,20
944,phone,0,10,10,700,20
945,phone,0,10,10,700,20
946,phone,0,10,10,700,20
947,phone,0,10,10,700,20
948,phone,0,10,10,700,20
949,phone,0,10,10,700,20
950,phone,0,10,10,700,20
951,phone,0,10,10,700,20
952,phone,0,10,10,700,20
953,phone,0,10,10,700,20
954,phone,0,10,10,700,20
955,phone,0,10,10,700,20
956,phone,0,10,10,700,20
957,phone,0,10,10,700,20
958,phone,0,10,10,700,20
959,phone,0,10,10,700,20
960,phone,0,10,10,700,20
961,phone,0,10,10,700,20
962,phone,0,10,10,700,20
963,phone,0,10,10,700,20
964,phone,0,10,10,700,20
965,phone,0,10,10,700,20
966,phone,0,10,10,700,20
967,phone,0,10,10,700,20
968,phone,0,10,10,700,20
969,phone,0,10,10,700,20
970,phone,0,10,10,700,20
971,phone,0,10,10,700,20
972,phone,0,10,10,700,20
973,phone,0,10,10,700,20
974,phone,0,10,10,700,20
975,phone,0,10,10,700,20
976,phone,0,10,10,700,20
977,phone,0,10,10,700,20
978,phone,0,10,10,700,20
979,phone,0,10,10,700,20
980,phone,0,10,10,700,20
981,phone,0,10,10,700,20
982,phone,0,10,10,700,20
983,phone,0,10,10,700,20
984,phone,0,10,10,700,20
985,phone,0,10,10,700,20
986,phone,0,10,10,700,20
987,phone,0,10,10,700,20
988,phone,0,10,10,700,20
989,phone,0,10,10,700,20
990,phone,0,10,10,700,20
991,phone,0,10,10,700,20
992,phone,0,10,10,700,20
993,phone,0,10,10,700,20
994,phone,0,10,10,700,20
995,phone,0,10,10,700,20
996,phone,0,10,10,700,20
997,phone,0,10,10,700,20
998,phone,0,10,10,700,20
999,phone,0,10,10,700,20